Questions;Correct Answer;1;2;3;4;Difficulty;Comment
What is the purpose of regularization in machine learning?;To reduce model complexity and prevent overfitting;To reduce model complexity and prevent overfitting;To increase model interpretability;To speed up training time;To handle imbalanced datasets;Assessment2;Regularization in machine learning is a technique used to prevent overfitting by reducing the complexity of a model. By adding a regularization term to the cost function, the model is penalized for having large parameter values, pushing it to prioritize simpler solutions and avoid capturing noise in the data. This helps improve the model's generalization ability, allowing it to perform well on unseen data.\n\nRegularization is essential in machine learning because it helps strike a balance between bias and variance. By preventing the model from memorizing the training data too closely, regularization can improve the model's performance on new, unseen data points. Ultimately, its purpose is to encourage simpler and more generalizable models that can make accurate predictions in real-world scenarios.
What is the main advantage of using cross-validation in model evaluation?;It provides multiple evaluations using different subsets of the data;It reduces bias in model evaluation;It provides multiple evaluations using different subsets of the data;It guarantees the model will generalize well to new data;It speeds up the training process;Assessment2;Cross-validation is a powerful technique for evaluating the performance of a machine learning model. One main advantage is that it allows for multiple evaluations using different subsets of the data. This helps ensure that the model's performance is robust and not dependent on a specific training-test split.\n\nBy using cross-validation, we can obtain more reliable estimates of how well the model generalizes to unseen data. This is particularly useful when working with limited data or when we want to avoid bias introduced by a single training-test split. Cross-validation provides a more comprehensive assessment of the model's performance, giving us greater confidence in its predictive capabilities.
Which algorithm is commonly used for natural language processing (NLP) tasks such as text classification?;Naive Bayes;Naive Bayes;K-Means Clustering;Decision Trees;Support Vector Machines;Assessment2;"Naive Bayes is a popular algorithm in the field of natural language processing (NLP) for tasks like text classification. It is particularly effective for these tasks due to its simplicity and efficiency. Naive Bayes is based on Bayes' Theorem and assumes that the presence of a particular feature in a class is independent of other features.'\n\nThis algorithm works by calculating the probability of a given text document belonging to a particular class based on the frequency of each word in the document. Despite its ""naive"" assumption of feature independence, Naive Bayes often performs well in text classification tasks and is widely used in spam filtering, sentiment analysis, and document categorization."
What is the purpose of a confusion matrix in classification tasks?;To evaluate model performance;To visualize data distributions;To evaluate model performance;To encode categorical variables;To perform feature selection;Assessment2;A confusion matrix in classification tasks is a tabular representation that allows for the evaluation of a machine learning model's performance. It provides a summary of the predictions made by the model compared to the actual values in the dataset. By arranging the predictions into true positives, true negatives, false positives, and false negatives, the confusion matrix offers insights into the model's accuracy, precision, recall, and overall effectiveness.\n\nUnderstanding the confusion matrix helps data scientists assess the strengths and weaknesses of a classification model. It enables them to make informed decisions on how to improve the model's performance, such as adjusting the threshold or fine-tuning the algorithm for better results.
In a neural network, what is the purpose of the activation function?;To introduce non-linearity;To normalize input data;To control the learning rate;To introduce non-linearity;To compute gradients during backpropagation;Assessment2;In a neural network, the activation function serves the purpose of introducing non-linearity within the network. Without a non-linear activation function, the neural network would simply be a linear model, unable to capture complex patterns and relationships in the data. \n\nThe activation function allows the neural network to learn and model non-linear patterns and complexities present in real-world data, making it capable of performing more sophisticated tasks such as image recognition, natural language processing, and other complex problems. It helps in adjusting the weights and biases in the network to generalize better to unseen data and improve overall performance.'
What does the term 'precision' measure in the context of classification metrics?;The ability of the model to correctly identify positive instances;The ability of the model to correctly identify positive instances;The ability of the model to correctly identify negative instances;The proportion of true positives among all actual positives;The proportion of true negatives among all actual negatives;Assessment2;Precision in the context of classification metrics measures the proportion of correctly predicted positive instances among all instances predicted as positive by the model. \n\nIt is calculated as the number of true positive predictions divided by the total number of predicted positive instances. High precision indicates that when the model predicts a positive instance, it is likely to be correct, and there are fewer false positives. This metric is essential for tasks where the cost of false positives is high, such as medical diagnostics or fraud detection.
In a time series analysis, what is the purpose of autocorrelation?;To assess the stationarity of the time series;To measure the strength of the relationship between two variables;To detect seasonality in the data;To assess the stationarity of the time series;To evaluate the performance of forecasting models;Assessment2;Autocorrelation in time series analysis is a measure used to assess the presence of correlation between past and present observations within a sequence of data points. Specifically, it helps to understand the degree to which a time series is exhibiting predictable patterns or trends over time. If strong autocorrelation is present, it indicates that the series may not be stationary, meaning the statistical properties of the data are not constant over time.\n\nBy analyzing autocorrelation, data scientists can gain insights into the underlying structure and dynamics of a time series. Understanding the autocorrelation helps in making informed decisions about the appropriate models and techniques to use for forecasting or analyzing the data effectively. In essence, autocorrelation plays a crucial role in evaluating the stability and predictability of time series data.
Which of the following is a dimensionality reduction technique commonly used for feature extraction?;Principal Component Analysis (PCA);Principal Component Analysis (PCA);K-Nearest Neighbors (KNN);Random Forest;Gradient Boosting;Assessment2;Principal Component Analysis (PCA) is a popular dimensionality reduction technique used for feature extraction. It transforms a large set of variables into a smaller set while retaining the most important information in the data. PCA achieves this by finding the directions (principal components) that maximize the variance in the data.\n\nBy reducing the dimensionality of the data, PCA helps in simplifying the complexity of the dataset and makes it easier to visualize and interpret. It is widely used in various fields such as image processing, finance, and bioinformatics to identify patterns and reduce noise in high-dimensional datasets.'
What is the purpose of a one-hot encoding in machine learning?;To represent categorical variables as binary vectors;To represent categorical variables as binary vectors;To scale numerical features to a standard range;To handle missing data;To reduce the dimensionality of the dataset;Assessment2;One-hot encoding is a technique used in machine learning to convert categorical variables into binary vectors. This process involves creating a binary feature for each category in the variable, where only one bit is hot (set to 1) to represent the presence of that category. By using one-hot encoding, machine learning algorithms can effectively interpret and process categorical data as numerical inputs, which is necessary for many models to operate efficiently and accurately. \n\nThis method helps prevent the model from assigning any ordinality or hierarchy to the categories, ensuring equal importance for each one. One-hot encoding is essential for tasks like classification and clustering, where categorical variables play a significant role in the predictive power of the model.
What is the key difference between bagging and boosting ensemble methods?;Bagging trains models independently on different data subsets, while boosting trains them sequentially based on each other's errors.;Bagging uses majority voting for prediction, while boosting uses weighted summation based on model performance.;Bagging trains models independently on different data subsets, while boosting trains them sequentially based on each other's errors.;Both bagging and boosting aim to reduce model variance, but only boosting can reduce bias.;Bagging is faster to train due to parallelization, while boosting offers higher accuracy but takes longer.;Assessment2;Bagging involves training multiple models independently on different subsets of the training data. Each model learns to make predictions on its own, and the final prediction is usually made by averaging the predictions of all individual models. On the other hand, boosting trains models sequentially, where each model corrects the errors made by the previous model. Models in boosting ensemble methods are trained to emphasize the samples that the previous models struggled with, aiming to improve overall prediction performance.\n\nThe key difference between bagging and boosting lies in their approach to training the ensemble of models. Bagging focuses on diversity by training models independently, while boosting prioritizes correcting errors by training models sequentially. Ultimately, this difference allows boosting to adapt and improve prediction accuracy by learning from the mistakes of preceding models, leading to potentially more accurate and robust ensemble predictions.